,ts,acc
0,0,0.003626747289672494
1,1,0.8441506028175354
2,2,0.9211937785148621
3,3,0.9451957941055298
4,4,0.9673088788986206
5,5,0.9800025224685669
6,6,0.9894471764564514
7,7,0.9945850372314453
8,8,0.9975066184997559
9,9,0.9983125329017639
10,10,0.9986399412155151
