,ts,acc
0,0,0.003626747289672494
1,1,0.7124543786048889
2,2,0.7656214833259583
3,3,0.7839314937591553
4,4,0.8060949444770813
5,5,0.818612277507782
6,6,0.8087142705917358
7,7,0.8281828761100769
8,8,0.8369978666305542
9,9,0.8612265586853027
10,10,0.8680015206336975
