,ts,acc
0,0,0.003626747289672494
1,1,0.7564034461975098
2,2,0.9069386720657349
3,3,0.9488981366157532
4,4,0.9644880890846252
5,5,0.9760987162590027
6,6,0.981412947177887
7,7,0.9856944680213928
8,8,0.9884145855903625
9,9,0.9902783036231995
10,10,0.9915375709533691
