,ts,acc
0,0,0.003626747289672494
1,1,0.7743861079216003
2,2,0.8929857611656189
3,3,0.9313688278198242
4,4,0.9616420865058899
5,5,0.9830248355865479
6,6,0.9907568097114563
7,7,0.9960710406303406
8,8,0.9973806738853455
9,9,0.9980858564376831
10,10,0.9987658858299255
