,ts,acc
0,0,0.003626747289672494
1,1,0.713260293006897
2,2,0.7639591693878174
3,3,0.7606598734855652
4,4,0.8162196278572083
5,5,0.8172018527984619
6,6,0.8201485872268677
7,7,0.8194685578346252
8,8,0.8447299003601074
9,9,0.8438735604286194
10,10,0.855836808681488
