,ts,acc
0,0,0.003626747289672494
1,1,0.6631658673286438
2,2,0.6775720715522766
3,3,0.6837425827980042
4,4,0.7625488042831421
5,5,0.7381690144538879
6,6,0.73869788646698
7,7,0.7380178570747375
8,8,0.8096964955329895
9,9,0.8115350604057312
10,10,0.8181085586547852
