,ts,acc
0,0,0.003626747289672494
1,1,0.7013978362083435
2,2,0.7629014253616333
3,3,0.7953910231590271
4,4,0.7944591641426086
5,5,0.8124165534973145
6,6,0.7981614470481873
7,7,0.8204759955406189
8,8,0.8410779237747192
9,9,0.855559766292572
10,10,0.8543004393577576
