,ts,acc
0,0,0.003626747289672494
1,1,0.7194811701774597
2,2,0.7717164158821106
3,3,0.7701548933982849
4,4,0.786575973033905
5,5,0.8247827887535095
6,6,0.8121898770332336
7,7,0.8087142705917358
8,8,0.8562649488449097
9,9,0.8524870872497559
10,10,0.8505730032920837
