,ts,acc
0,0,0.003626747289672494
1,1,0.746354341506958
2,2,0.8071275949478149
3,3,0.8541241884231567
4,4,0.8709734082221985
5,5,0.8802165985107422
6,6,0.9022289514541626
7,7,0.9173403978347778
8,8,0.9190782308578491
9,9,0.9237375855445862
10,10,0.9311169981956482
