,ts,acc
0,0,0.003626747289672494
1,1,0.6782269477844238
2,2,0.6999874114990234
3,3,0.7075179219245911
4,4,0.7648407220840454
5,5,0.7751920223236084
6,6,0.7741090655326843
7,7,0.7744868397712708
8,8,0.8165218234062195
9,9,0.8286613821983337
10,10,0.8502959609031677
