,ts,acc
0,0,0.003626747289672494
1,1,0.7022793292999268
2,2,0.7869538068771362
3,3,0.7883641719818115
4,4,0.7918146252632141
5,5,0.8183603882789612
6,6,0.8168996572494507
7,7,0.8364437818527222
8,8,0.847072184085846
9,9,0.848709225654602
10,10,0.8770431876182556
