,ts,acc
0,0,0.003626747289672494
1,1,0.7356000542640686
2,2,0.7164337038993835
3,3,0.7370859980583191
4,4,0.7362297177314758
5,5,0.7574360966682434
6,6,0.775116503238678
7,7,0.7607606053352356
8,8,0.8088150024414062
9,9,0.8206523060798645
10,10,0.8647021651268005
