,ts,acc
0,0,0.003626747289672494
1,1,0.7606850266456604
2,2,0.7825462818145752
3,3,0.7777861952781677
4,4,0.8155648112297058
5,5,0.804911196231842
6,6,0.8324896097183228
7,7,0.8163707256317139
8,8,0.843772828578949
9,9,0.8472736477851868
10,10,0.8548293709754944
