,ts,acc
0,0,0.003626747289672494
1,1,0.7043697237968445
2,2,0.7719682455062866
3,3,0.7971036434173584
4,4,0.7922176122665405
5,5,0.8220627307891846
6,6,0.8114091157913208
7,7,0.8210804462432861
8,8,0.8517819046974182
9,9,0.8463165760040283
10,10,0.8515300154685974
