,ts,acc
0,0,0.003626747289672494
1,1,0.7085002064704895
2,2,0.7741342186927795
3,3,0.807656466960907
4,4,0.7905049920082092
5,5,0.7993199825286865
6,6,0.8157159090042114
7,7,0.8222138285636902
8,8,0.8366956114768982
9,9,0.865079939365387
10,10,0.8570960760116577
