,ts,acc
0,0,0.003626747289672494
1,1,0.8704193234443665
2,2,0.9222012162208557
3,3,0.9406623840332031
4,4,0.9494773745536804
5,5,0.9578138589859009
6,6,0.9621961712837219
7,7,0.967460036277771
8,8,0.9703815579414368
9,9,0.9709608554840088
10,10,0.9726734757423401
