,ts,acc
0,0,0.003626747289672494
1,1,0.7162573933601379
2,2,0.7206900715827942
3,3,0.7349703907966614
4,4,0.7638080716133118
5,5,0.775947630405426
6,6,0.7674599885940552
7,7,0.7816899418830872
8,8,0.8328673839569092
9,9,0.862913966178894
10,10,0.8438987731933594
