,ts,acc
0,0,0.003626747289672494
1,1,0.7192041277885437
2,2,0.789598286151886
3,3,0.7977333068847656
4,4,0.8081349730491638
5,5,0.8209041953086853
6,6,0.8161188960075378
7,7,0.8211056590080261
8,8,0.84818035364151
9,9,0.8569701313972473
10,10,0.8598161339759827
