,ts,acc
0,0,0.003626747289672494
1,1,0.7140410542488098
2,2,0.7178189158439636
3,3,0.7151492238044739
4,4,0.7802039980888367
5,5,0.7785417437553406
6,6,0.7884649038314819
7,7,0.768517792224884
8,8,0.8253368735313416
9,9,0.8337488770484924
10,10,0.8753809332847595
