,ts,acc
0,0,0.003626747289672494
1,1,0.6970154643058777
2,2,0.7620450854301453
3,3,0.769122302532196
4,4,0.8179826140403748
5,5,0.8129706382751465
6,6,0.8131721615791321
7,7,0.8097720742225647
8,8,0.8347815275192261
9,9,0.8524870872497559
10,10,0.9034126400947571
