,ts,acc
0,0,0.003626747289672494
1,1,0.7078957557678223
2,2,0.7841078042984009
3,3,0.8021156191825867
4,4,0.7976577281951904
5,5,0.8167484998703003
6,6,0.810955822467804
7,7,0.8245308995246887
8,8,0.8615791201591492
9,9,0.8541997075080872
10,10,0.865356981754303
