,ts,acc
0,0,0.003626747289672494
1,1,0.6762875914573669
2,2,0.6934139132499695
3,3,0.7003148198127747
4,4,0.7432313561439514
5,5,0.7476891875267029
6,6,0.7677874565124512
7,7,0.7800780534744263
8,8,0.8086135387420654
9,9,0.8270242810249329
10,10,0.8234479427337646
