,ts,acc
0,0,0.003626747289672494
1,1,0.7069134712219238
2,2,0.7831255793571472
3,3,0.8062208890914917
4,4,0.7948369383811951
5,5,0.7979095578193665
6,6,0.8163203597068787
7,7,0.7986903190612793
8,8,0.8354111313819885
9,9,0.8476766347885132
10,10,0.8560634851455688
