,ts,acc
0,0,0.003626747289672494
1,1,0.7164588570594788
2,2,0.782193660736084
3,3,0.7938295006752014
4,4,0.8171514868736267
5,5,0.8362422585487366
6,6,0.8141543865203857
7,7,0.8494144082069397
8,8,0.8500692844390869
9,9,0.8559375405311584
10,10,0.8547537922859192
