,ts,acc
0,0,0.003626747289672494
1,1,0.7014482021331787
2,2,0.7883641719818115
3,3,0.7927464842796326
4,4,0.8161188960075378
5,5,0.8156655430793762
6,6,0.8093690872192383
7,7,0.8202241659164429
8,8,0.8284599184989929
9,9,0.8498929738998413
10,10,0.8836670517921448
