,ts,acc
0,0,0.00037589273415505886
1,1,0.8940734267234802
2,2,0.9136449098587036
3,3,0.9322140216827393
4,4,0.9514346718788147
5,5,0.9641398191452026
6,6,0.9721588492393494
7,7,0.9763187766075134
8,8,0.9796265959739685
9,9,0.9818318486213684
10,10,0.982733964920044
