,ts,acc
0,0,0.0003508332301862538
1,1,0.9034957885742188
2,2,0.9118907451629639
3,3,0.915950357913971
4,4,0.9184563159942627
5,5,0.9224908947944641
6,6,0.9273273944854736
7,7,0.9304097294807434
8,8,0.9335170984268188
9,9,0.9351209402084351
10,10,0.935471773147583
