,ts,acc
0,0,0.0003508332301862538
1,1,0.8900889754295349
2,2,0.907831072807312
3,3,0.926550567150116
4,4,0.9453702569007874
5,5,0.9611327052116394
6,6,0.9705049395561218
7,7,0.9756171107292175
8,8,0.9792256355285645
9,9,0.9818568825721741
10,10,0.9846636056900024
