,ts,acc
0,0,0.00037589273415505886
1,1,0.8957774639129639
2,2,0.8961784243583679
3,3,0.8994110822677612
4,4,0.9009397029876709
5,5,0.9046986699104309
6,6,0.905851423740387
7,7,0.9057010412216187
8,8,0.9074802398681641
9,9,0.9095351696014404
10,10,0.912341833114624
