,ts,acc
0,0,0.00037589273415505886
1,1,0.8940734267234802
2,2,0.9004385471343994
3,3,0.9067535400390625
4,4,0.915424108505249
5,5,0.9242200255393982
6,6,0.9277283549308777
7,7,0.9340934753417969
8,8,0.9378774762153625
9,9,0.9426888823509216
10,10,0.949505090713501
