,ts,acc
0,0,0.00037589273415505886
1,1,0.9000877141952515
2,2,0.9101114869117737
3,3,0.9159754514694214
4,4,0.9207367300987244
5,5,0.9203107357025146
6,6,0.9242450594902039
7,7,0.9261245727539062
8,8,0.9305350184440613
9,9,0.9313369393348694
10,10,0.9379276037216187
