,ts,acc
0,0,0.00037589273415505886
1,1,0.8991855382919312
2,2,0.9117904901504517
3,3,0.9145971536636353
4,4,0.9178047776222229
5,5,0.9185315370559692
6,6,0.9255732297897339
7,7,0.9270016551017761
8,8,0.9315624833106995
9,9,0.9315123558044434
10,10,0.9340433478355408
