,ts,acc
0,0,0.00037589273415505886
1,1,0.9007893800735474
2,2,0.911189079284668
3,3,0.9172284007072449
4,4,0.9148728251457214
5,5,0.9190326929092407
6,6,0.9249216914176941
7,7,0.9272772669792175
8,8,0.9320386052131653
9,9,0.933216392993927
10,10,0.9419370889663696
