,ts,acc
0,0,0.00037589273415505886
1,1,0.8949254751205444
2,2,0.903997004032135
3,3,0.9081318378448486
4,4,0.9177045226097107
5,5,0.9245708584785461
6,6,0.9287808537483215
7,7,0.9362486004829407
8,8,0.9397068023681641
9,9,0.9458213448524475
10,10,0.9505826234817505
