,ts,acc
0,0,0.00037589273415505886
1,1,0.8975817561149597
2,2,0.9032201766967773
3,3,0.9097356200218201
4,4,0.9168775677680969
5,5,0.9267510175704956
6,6,0.9304848909378052
7,7,0.9326901435852051
8,8,0.9363989233970642
9,9,0.9451196789741516
10,10,0.9477258324623108
