,ts,acc
0,0,0.00037589273415505886
1,1,0.8971807956695557
2,2,0.9048740863800049
3,3,0.9108883738517761
4,4,0.9197594523429871
5,5,0.9276280999183655
6,6,0.9314121007919312
7,7,0.9373010993003845
8,8,0.940233051776886
9,9,0.9452700018882751
10,10,0.9513344168663025
