,ts,acc
0,0,0.00037589273415505886
1,1,0.8998371362686157
2,2,0.9097857475280762
3,3,0.9131186604499817
4,4,0.9151484966278076
5,5,0.922440767288208
6,6,0.9226412773132324
7,7,0.92429518699646
8,8,0.9398070573806763
9,9,0.933617353439331
10,10,0.939882218837738
