,ts,acc
0,0,0.00037589273415505886
1,1,0.9024432897567749
2,2,0.9112642407417297
3,3,0.9161007404327393
4,4,0.9171282052993774
5,5,0.9187319874763489
6,6,0.9243202805519104
7,7,0.9295075535774231
8,8,0.9337426424026489
9,9,0.9308608174324036
10,10,0.9362736344337463
