,ts,acc
0,0,0.0003508332301862538
1,1,0.8942738771438599
2,2,0.9035710096359253
3,3,0.9089086651802063
4,4,0.9147224426269531
5,5,0.9188071489334106
6,6,0.9214133620262146
7,7,0.9277283549308777
8,8,0.9306352734565735
9,9,0.9348452687263489
10,10,0.9363738894462585
