,ts,acc
0,0,0.0003508332301862538
1,1,0.8977822065353394
2,2,0.9070292115211487
3,3,0.9113895297050476
4,4,0.9177296161651611
5,5,0.926024317741394
6,6,0.9316376447677612
7,7,0.9349705576896667
8,8,0.9386292695999146
9,9,0.9443678855895996
10,10,0.9495301246643066
