,ts,acc
0,0,0.0003508332301862538
1,1,0.9015913009643555
2,2,0.9098107814788818
3,3,0.9119910001754761
4,4,0.9105876684188843
5,5,0.917103111743927
6,6,0.9276531934738159
7,7,0.926024317741394
8,8,0.9295827746391296
9,9,0.9327903985977173
10,10,0.9331412315368652
