,ts,acc
0,0,0.0003508332301862538
1,1,0.8999122977256775
2,2,0.9108632802963257
3,3,0.9150232076644897
4,4,0.9178047776222229
5,5,0.9199599027633667
6,6,0.9238942265510559
7,7,0.9302593469619751
8,8,0.9314121007919312
9,9,0.9357975125312805
10,10,0.9340684413909912
