,ts,acc
0,0,0.0003508332301862538
1,1,0.8976569175720215
2,2,0.9039218425750732
3,3,0.9098107814788818
4,4,0.9186317324638367
5,5,0.9260493516921997
6,6,0.9296078085899353
7,7,0.9344443082809448
8,8,0.9407091736793518
9,9,0.9460969567298889
10,10,0.9509084224700928
