,ts,acc
0,0,0.0003508332301862538
1,1,0.9010149240493774
2,2,0.9114396572113037
3,3,0.9146472811698914
4,4,0.9181305766105652
5,5,0.9190076589584351
6,6,0.9230923652648926
7,7,0.9269014000892639
8,8,0.9304598569869995
9,9,0.9326650500297546
10,10,0.9361483454704285
