,ts,acc
0,0,0.0003508332301862538
1,1,0.8983585834503174
2,2,0.9024683833122253
3,3,0.9100363254547119
4,4,0.9185565710067749
5,5,0.9234181046485901
6,6,0.9296579360961914
7,7,0.9332915544509888
8,8,0.9409597516059875
9,9,0.9430647492408752
10,10,0.9498308300971985
