,ts,acc
0,0,0.00037589273415505886
1,1,0.900238037109375
2,2,0.9115148186683655
3,3,0.9144217371940613
4,4,0.9147976636886597
5,5,0.9181556105613708
6,6,0.9237188100814819
7,7,0.9287558197975159
8,8,0.9321638941764832
9,9,0.9344192743301392
10,10,0.9364240169525146
