,ts,acc
0,0,0.00037589273415505886
1,1,0.900588870048523
2,2,0.911765456199646
3,3,0.9163011908531189
4,4,0.9160506129264832
5,5,0.9209622740745544
6,6,0.92429518699646
7,7,0.927302360534668
8,8,0.9301591515541077
9,9,0.9300087690353394
10,10,0.9311865568161011
