,ts,acc
0,0,0.00037589273415505886
1,1,0.8990602493286133
2,2,0.9105124473571777
3,3,0.9160757064819336
4,4,0.9183561205863953
5,5,0.9196842312812805
6,6,0.9209622740745544
7,7,0.9229670763015747
8,8,0.9285553097724915
9,9,0.9307104349136353
10,10,0.931712806224823
