,ts,acc
0,0,0.04865258187055588
1,1,0.8644803762435913
2,2,0.9339338541030884
3,3,0.9460029006004333
4,4,0.9727003574371338
5,5,0.9829627871513367
6,6,0.9852461218833923
7,7,0.9923470616340637
8,8,0.9958849549293518
9,9,0.9968384504318237
10,10,0.9974908232688904
