,ts,acc
0,0,0.04865258187055588
1,1,0.814824104309082
2,2,0.8532142043113708
3,3,0.9024439454078674
4,4,0.9089426398277283
5,5,0.9271340370178223
6,6,0.9462036490440369
7,7,0.9506699442863464
8,8,0.9562152028083801
9,9,0.9587494134902954
10,10,0.9669795036315918
