,ts,acc
0,0,0.04865258187055588
1,1,0.685351550579071
2,2,0.7261002659797668
3,3,0.7136297225952148
4,4,0.7571636438369751
5,5,0.7793446183204651
6,6,0.7675766348838806
7,7,0.7936468124389648
8,8,0.7908867597579956
9,9,0.8271691799163818
10,10,0.8357003331184387
