,ts,acc
0,0,0.04865258187055588
1,1,0.6878857612609863
2,2,0.871255099773407
3,3,0.9418628215789795
4,4,0.9550860524177551
5,5,0.9707432389259338
6,6,0.971696674823761
7,7,0.9853214025497437
8,8,0.9884829521179199
9,9,0.99101722240448
10,10,0.9925478100776672
