,ts,acc
0,0,0.04865258187055588
1,1,0.6081697940826416
2,2,0.686806857585907
3,3,0.7080594301223755
4,4,0.7576654553413391
5,5,0.7540020942687988
6,6,0.7669493556022644
7,7,0.7864204049110413
8,8,0.8008731603622437
9,9,0.8278215527534485
10,10,0.8429768681526184
