,ts,acc
0,0,0.04865258187055588
1,1,0.6482160091400146
2,2,0.636724054813385
3,3,0.6474883556365967
4,4,0.6707231402397156
5,5,0.6694685816764832
6,6,0.6635469198226929
7,7,0.6993024349212646
8,8,0.799493134021759
9,9,0.7847644090652466
10,10,0.7931951880455017
