,ts,acc
0,0,0.04865258187055588
1,1,0.7211822867393494
2,2,0.7863953709602356
3,3,0.8439554572105408
4,4,0.8478947877883911
5,5,0.8496512174606323
6,6,0.8652080297470093
7,7,0.8759722709655762
8,8,0.8841270804405212
9,9,0.8819190263748169
10,10,0.8893210291862488
