,ts,acc
0,0,0.04865258187055588
1,1,0.6380037069320679
2,2,0.702865481376648
3,3,0.7091885209083557
4,4,0.7627841830253601
5,5,0.7525467872619629
6,6,0.7764089107513428
7,7,0.7990164160728455
8,8,0.8132433295249939
9,9,0.8230290412902832
10,10,0.8253123760223389
