,ts,acc
0,0,0.04865258187055588
1,1,0.6709489822387695
2,2,0.7420083284378052
3,3,0.7308425903320312
4,4,0.7672253847122192
5,5,0.7426857948303223
6,6,0.7619561553001404
7,7,0.795955240726471
8,8,0.7899332642555237
9,9,0.8090530633926392
10,10,0.8286746740341187
