,ts,acc
0,0,0.04865258187055588
1,1,0.7364881634712219
2,2,0.7549304962158203
3,3,0.794499933719635
4,4,0.8570532202720642
5,5,0.8737893104553223
6,6,0.8675666451454163
7,7,0.8831986784934998
8,8,0.883825957775116
9,9,0.9015406370162964
10,10,0.9068349599838257
