,ts,acc
0,0,0.04865258187055588
1,1,0.6713253259658813
2,2,0.728182852268219
3,3,0.7358357906341553
4,4,0.7816279530525208
5,5,0.7690821290016174
6,6,0.785291314125061
7,7,0.8006473779678345
8,8,0.816680908203125
9,9,0.8068450093269348
10,10,0.8387364149093628
