,ts,acc
0,0,0.04865258187055588
1,1,0.6915742754936218
2,2,0.7104180455207825
3,3,0.7576152682304382
4,4,0.7531991600990295
5,5,0.7692075967788696
6,6,0.75126713514328
7,7,0.7715160250663757
8,8,0.7922667860984802
9,9,0.7962061762809753
10,10,0.8058664202690125
