,ts,acc
0,0,0.04865258187055588
1,1,0.7071059346199036
2,2,0.686079204082489
3,3,0.7119737267494202
4,4,0.7159883379936218
5,5,0.6992020606994629
6,6,0.7013348937034607
7,7,0.6974456906318665
8,8,0.8195915222167969
9,9,0.7948009967803955
10,10,0.8071711659431458
