,ts,acc
0,0,0.04865258187055588
1,1,0.6193355917930603
2,2,0.7056004405021667
3,3,0.7072063088417053
4,4,0.75322425365448
5,5,0.7728458642959595
6,6,0.7627590894699097
7,7,0.7697595953941345
8,8,0.8203693628311157
9,9,0.8217744827270508
10,10,0.8289506435394287
