,ts,acc
0,0,0.04865258187055588
1,1,0.6139408946037292
2,2,0.6826416254043579
3,3,0.7036182284355164
4,4,0.7555326819419861
5,5,0.7418326735496521
6,6,0.7638128995895386
7,7,0.7768605351448059
8,8,0.8337180614471436
9,9,0.8139960765838623
10,10,0.8368545174598694
