,ts,acc
0,0,0.04865258187055588
1,1,0.8874391317367554
2,2,0.9141616821289062
3,3,0.9250765442848206
4,4,0.9373212456703186
5,5,0.9453003406524658
6,6,0.9529281854629517
7,7,0.957494854927063
8,8,0.9575199484825134
9,9,0.9589250683784485
10,10,0.9656245112419128
