,ts,acc
0,0,0.04865258187055588
1,1,0.6906207799911499
2,2,0.7322978973388672
3,3,0.7252220511436462
4,4,0.7714658379554749
5,5,0.7936217188835144
6,6,0.8134942650794983
7,7,0.7813268303871155
8,8,0.8048627376556396
9,9,0.829979419708252
10,10,0.8192151188850403
