,ts,acc
0,0,0.04865258187055588
1,1,0.6577005982398987
2,2,0.7406283020973206
3,3,0.7403773665428162
4,4,0.8064936995506287
5,5,0.8020023107528687
6,6,0.8036834597587585
7,7,0.7993425726890564
8,8,0.8311587572097778
9,9,0.7993927597999573
10,10,0.8309580087661743
