,ts,acc
0,0,0.04865258187055588
1,1,0.6602850556373596
2,2,0.6319064497947693
3,3,0.6670095920562744
4,4,0.702639639377594
5,5,0.7053996920585632
6,6,0.7037938237190247
7,7,0.7352837920188904
8,8,0.816279411315918
9,9,0.8031564950942993
10,10,0.8056154847145081
