,ts,acc
0,0,0.04865258187055588
1,1,0.6896421909332275
2,2,0.6609374284744263
3,3,0.7235659956932068
4,4,0.7472022771835327
5,5,0.7707632780075073
6,6,0.7720680236816406
7,7,0.7669493556022644
8,8,0.8480202555656433
9,9,0.8413960933685303
10,10,0.8369548916816711
