,ts,acc
0,0,0.04865258187055588
1,1,0.6485421657562256
2,2,0.7464746236801147
3,3,0.7275555729866028
4,4,0.7372910976409912
5,5,0.7703618407249451
6,6,0.7598484754562378
7,7,0.7660209536552429
8,8,0.8276960849761963
9,9,0.8167060017585754
10,10,0.8239574432373047
