,ts,acc
0,0,0.04865258187055588
1,1,0.7091634273529053
2,2,0.7274802923202515
3,3,0.7354092597961426
4,4,0.6877352595329285
5,5,0.7291865348815918
6,6,0.7022632360458374
7,7,0.7310683727264404
8,8,0.8220003247261047
9,9,0.8064435124397278
10,10,0.820268988609314
