,ts,acc
0,0,0.04865258187055588
1,1,0.6769458651542664
2,2,0.7231143712997437
3,3,0.7270286679267883
4,4,0.7665228247642517
5,5,0.7810759544372559
6,6,0.7731218934059143
7,7,0.7781903743743896
8,8,0.8184874653816223
9,9,0.8082752227783203
10,10,0.8287750482559204
