,ts,acc
0,0,0.04865258187055588
1,1,0.6391830444335938
2,2,0.7484819889068604
3,3,0.7749536037445068
4,4,0.8003964424133301
5,5,0.7779645919799805
6,6,0.7939730286598206
7,7,0.8127917051315308
8,8,0.8255382180213928
9,9,0.8722085356712341
10,10,0.839363694190979
