,ts,acc
0,0,0.04865258187055588
1,1,0.6403623223304749
2,2,0.7344808578491211
3,3,0.7774627208709717
4,4,0.7721934914588928
5,5,0.7810759544372559
6,6,0.7943242788314819
7,7,0.8001956939697266
8,8,0.8219752311706543
9,9,0.8342951536178589
10,10,0.8362272381782532
