,ts,acc
0,0,0.0021004201844334602
1,1,0.6265752911567688
2,2,0.6923635005950928
3,3,0.7221694588661194
4,4,0.7893579006195068
5,5,0.7918083667755127
6,6,0.8247149586677551
7,7,0.8404181003570557
8,8,0.8601470589637756
9,9,0.8656981587409973
10,10,0.8902530670166016
