,ts,acc
0,0,0.0021004201844334602
1,1,0.643203616142273
2,2,0.7175934910774231
3,3,0.7602270245552063
4,4,0.8073614835739136
5,5,0.8207891583442688
6,6,0.8425934910774231
7,7,0.8633976578712463
8,8,0.8703240752220154
9,9,0.8786007165908813
10,10,0.8971544504165649
