,ts,acc
0,0,0.0021004201844334602
1,1,0.569338858127594
2,2,0.6214993000030518
3,3,0.5940937995910645
4,4,0.6633076667785645
5,5,0.6940388083457947
6,6,0.7257451415061951
7,7,0.741398274898529
8,8,0.7805560827255249
9,9,0.7802560329437256
10,10,0.8080615997314453
