,ts,acc
0,0,0.0021004201844334602
1,1,0.5364573001861572
2,2,0.6227745413780212
3,3,0.5856420993804932
4,4,0.6536807417869568
5,5,0.7290458083152771
6,6,0.6911382079124451
7,7,0.73932284116745
8,8,0.7667783498764038
9,9,0.7810062170028687
10,10,0.800710141658783
