,ts,acc
0,0,0.0021004201844334602
1,1,0.6208491921424866
2,2,0.6554560661315918
3,3,0.6712592244148254
4,4,0.7258701920509338
5,5,0.7525255084037781
6,6,0.7941588163375854
7,7,0.7806061506271362
8,8,0.8286657333374023
9,9,0.8357671499252319
10,10,0.8573464751243591
