,ts,acc
0,0,0.0021004201844334602
1,1,0.6946889162063599
2,2,0.6329516172409058
3,3,0.670859158039093
4,4,0.6794359087944031
5,5,0.7003650665283203
6,6,0.728620707988739
7,7,0.7501750588417053
8,8,0.7936587333679199
9,9,0.8032606244087219
10,10,0.8188387751579285
