,ts,acc
0,0,0.0021004201844334602
1,1,0.5288057327270508
2,2,0.5828165411949158
3,3,0.6418033838272095
4,4,0.6506301164627075
5,5,0.6964142918586731
6,6,0.6859371662139893
7,7,0.7515503168106079
8,8,0.7736797332763672
9,9,0.7595518827438354
10,10,0.775580108165741
