,ts,acc
0,0,0.0021004201844334602
1,1,0.6155731081962585
2,2,0.6546809077262878
3,3,0.7145929336547852
4,4,0.6881126165390015
5,5,0.7142928838729858
6,6,0.7466743588447571
7,7,0.74724942445755
8,8,0.7747799754142761
9,9,0.7973344922065735
10,10,0.8074114918708801
