,ts,acc
0,0,0.0021004201844334602
1,1,0.5584366917610168
2,2,0.5910181999206543
3,3,0.6079216003417969
4,4,0.6643078327178955
5,5,0.6941388249397278
6,6,0.729720950126648
7,7,0.7482496500015259
8,8,0.775580108165741
9,9,0.7958841919898987
10,10,0.7739548087120056
