,ts,acc
0,0,0.0021004201844334602
1,1,0.6625325083732605
2,2,0.6516303420066833
3,3,0.6428785920143127
4,4,0.6589818000793457
5,5,0.7082916498184204
6,6,0.7171184420585632
7,7,0.7582516670227051
8,8,0.7888827919960022
9,9,0.7982346415519714
10,10,0.8123124837875366
