,ts,acc
0,0,0.0021004201844334602
1,1,0.5769153833389282
2,2,0.581691324710846
3,3,0.6159982085227966
4,4,0.6672084331512451
5,5,0.695989191532135
6,6,0.7234447002410889
7,7,0.7525755167007446
8,8,0.7803810834884644
9,9,0.7833316922187805
10,10,0.7995849251747131
