,ts,acc
0,0,0.0021004201844334602
1,1,0.6702090501785278
2,2,0.6247499585151672
3,3,0.6549059748649597
4,4,0.6798609495162964
5,5,0.6936637163162231
6,6,0.7208191752433777
7,7,0.7561011910438538
8,8,0.7905831336975098
9,9,0.8101370334625244
10,10,0.8205640912055969
