,ts,acc
0,0,0.0021004201844334602
1,1,0.58409184217453
2,2,0.6534556746482849
3,3,0.6648829579353333
4,4,0.6820114254951477
5,5,0.7007151246070862
6,6,0.6868123412132263
7,7,0.736447274684906
8,8,0.7849820256233215
9,9,0.8041108250617981
10,10,0.8113372921943665
