,ts,acc
0,0,0.0021004201844334602
1,1,0.506501317024231
2,2,0.5951940417289734
3,3,0.6520053744316101
4,4,0.645729124546051
5,5,0.7115923166275024
6,6,0.6937887668609619
7,7,0.7526004910469055
8,8,0.7618523836135864
9,9,0.7724545001983643
10,10,0.773154616355896
