,ts,acc
0,0,0.0021004201844334602
1,1,0.5661382079124451
2,2,0.5845919251441956
3,3,0.6249749660491943
4,4,0.6739597916603088
5,5,0.7118423581123352
6,6,0.6924384832382202
7,7,0.7589768171310425
8,8,0.7518003582954407
9,9,0.7724545001983643
10,10,0.7807061672210693
