,ts,acc
0,0,0.0021004201844334602
1,1,0.6909632086753845
2,2,0.7439988255500793
3,3,0.782181441783905
4,4,0.7959591746330261
5,5,0.8107621669769287
6,6,0.8234646916389465
7,7,0.839942991733551
8,8,0.844793975353241
9,9,0.8480195999145508
10,10,0.8622474670410156
