,ts,acc
0,0,0.0021004201844334602
1,1,0.6000950336456299
2,2,0.6080465912818909
3,3,0.5943188667297363
4,4,0.6344518661499023
5,5,0.6836367249488831
6,6,0.6834616661071777
7,7,0.740198016166687
8,8,0.7878325581550598
9,9,0.804460883140564
10,10,0.8074114918708801
