,ts,acc
0,0,0.0021004201844334602
1,1,0.6320264339447021
2,2,0.6363022327423096
3,3,0.6473544836044312
4,4,0.6647079586982727
5,5,0.692563533782959
6,6,0.7127425670623779
7,7,0.741298258304596
8,8,0.7839317917823792
9,9,0.7946589589118958
10,10,0.8293908834457397
