,ts,acc
0,0,0.0021004201844334602
1,1,0.640978217124939
2,2,0.6300010085105896
3,3,0.5916933417320251
4,4,0.6613572835922241
5,5,0.7131926417350769
6,6,0.7135177254676819
7,7,0.7390727996826172
8,8,0.7777055501937866
9,9,0.7771804332733154
10,10,0.7889328002929688
