,ts,acc
0,0,0.0021004201844334602
1,1,0.537482500076294
2,2,0.5675135254859924
3,3,0.6373274922370911
4,4,0.658406674861908
5,5,0.707116425037384
6,6,0.7147179245948792
7,7,0.7512752413749695
8,8,0.7747049331665039
9,9,0.7766553163528442
10,10,0.7848819494247437
