,ts,acc
0,0,0.0021004201844334602
1,1,0.6115723252296448
2,2,0.6770853996276855
3,3,0.6424034833908081
4,4,0.6789608001708984
5,5,0.7089418172836304
6,6,0.6937637329101562
7,7,0.7470744252204895
8,8,0.7902080416679382
9,9,0.8000100255012512
10,10,0.8217143416404724
