,ts,acc
0,0,0.0021004201844334602
1,1,0.5835916996002197
2,2,0.620048999786377
3,3,0.655981183052063
4,4,0.6686837077140808
5,5,0.6963642835617065
6,6,0.6826615333557129
7,7,0.7396729588508606
8,8,0.7514503002166748
9,9,0.7638777494430542
10,10,0.7828565835952759
