,ts,acc
0,0,0.0021004201844334602
1,1,0.6081716418266296
2,2,0.5670884251594543
3,3,0.6680836081504822
4,4,0.6734346747398376
5,5,0.6983896493911743
6,6,0.6829366087913513
7,7,0.7110671997070312
8,8,0.7422734498977661
9,9,0.7815563082695007
10,10,0.7707541584968567
