,ts,acc
0,0,0.0021004201844334602
1,1,0.5734897255897522
2,2,0.5964943170547485
3,3,0.6807111501693726
4,4,0.6886627078056335
5,5,0.6854621171951294
6,6,0.7139427661895752
7,7,0.7453490495681763
8,8,0.7664783000946045
9,9,0.7730796337127686
10,10,0.7807061672210693
