,ts,acc
0,0,0.0021004201844334602
1,1,0.5935937166213989
2,2,0.5744898915290833
3,3,0.6152480244636536
4,4,0.6756101250648499
5,5,0.698739767074585
6,6,0.7274705171585083
7,7,0.7562512755393982
8,8,0.774679958820343
9,9,0.7882076501846313
10,10,0.796309232711792
