,ts,acc
0,0,0.000750000006519258
1,1,0.5671250224113464
2,2,0.6370000243186951
3,3,0.7129999995231628
4,4,0.7611250281333923
5,5,0.8212500214576721
6,6,0.8696249723434448
7,7,0.9067500233650208
8,8,0.9284999966621399
9,9,0.9547500014305115
10,10,0.968625009059906
