,ts,acc
0,0,0.000750000006519258
1,1,0.49300000071525574
2,2,0.5711249709129333
3,3,0.6542500257492065
4,4,0.7258750200271606
5,5,0.8062499761581421
6,6,0.8500000238418579
7,7,0.8924999833106995
8,8,0.9291250109672546
9,9,0.9573749899864197
10,10,0.9733750224113464
