,ts,acc
0,0,0.000750000006519258
1,1,0.5263749957084656
2,2,0.5641250014305115
3,3,0.5723749995231628
4,4,0.628250002861023
5,5,0.659375011920929
6,6,0.6823750138282776
7,7,0.6884999871253967
8,8,0.7362499833106995
9,9,0.7368749976158142
10,10,0.7369999885559082
