,ts,acc
0,0,0.000750000006519258
1,1,0.45649999380111694
2,2,0.5427500009536743
3,3,0.5582500100135803
4,4,0.5637500286102295
5,5,0.5709999799728394
6,6,0.6006249785423279
7,7,0.6431249976158142
8,8,0.6642500162124634
9,9,0.6866250038146973
10,10,0.6941249966621399
