,ts,acc
0,0,0.000750000006519258
1,1,0.5377500057220459
2,2,0.5523750185966492
3,3,0.575124979019165
4,4,0.6268749833106995
5,5,0.6359999775886536
6,6,0.6391249895095825
7,7,0.6586250066757202
8,8,0.7108749747276306
9,9,0.7748749852180481
10,10,0.7436249852180481
