,ts,acc
0,0,0.000750000006519258
1,1,0.5009999871253967
2,2,0.5507500171661377
3,3,0.5422499775886536
4,4,0.5431249737739563
5,5,0.6047499775886536
6,6,0.6006249785423279
7,7,0.6607499718666077
8,8,0.6524999737739563
9,9,0.6636250019073486
10,10,0.672249972820282
