,ts,acc
0,0,0.000750000006519258
1,1,0.5397499799728394
2,2,0.5619999766349792
3,3,0.5747500061988831
4,4,0.6158750057220459
5,5,0.6432499885559082
6,6,0.640749990940094
7,7,0.671625018119812
8,8,0.7151250243186951
9,9,0.7206249833106995
10,10,0.7377499938011169
