,ts,acc
0,0,0.000750000006519258
1,1,0.492374986410141
2,2,0.5422499775886536
3,3,0.5496249794960022
4,4,0.5607500076293945
5,5,0.6361250281333923
6,6,0.6647499799728394
7,7,0.6808750033378601
8,8,0.6953750252723694
9,9,0.715624988079071
10,10,0.7482500076293945
