,ts,acc
0,0,0.000750000006519258
1,1,0.49562498927116394
2,2,0.5509999990463257
3,3,0.5534999966621399
4,4,0.5772500038146973
5,5,0.6221250295639038
6,6,0.6617500185966492
7,7,0.6816250085830688
8,8,0.6793749928474426
9,9,0.6977499723434448
10,10,0.7273749709129333
