,ts,acc
0,0,0.000750000006519258
1,1,0.5701249837875366
2,2,0.5531250238418579
3,3,0.5708749890327454
4,4,0.6266250014305115
5,5,0.640874981880188
6,6,0.6428750157356262
7,7,0.6654999852180481
8,8,0.703000009059906
9,9,0.7301250100135803
10,10,0.7526249885559082
