,ts,acc
0,0,0.000750000006519258
1,1,0.5525000095367432
2,2,0.5516250133514404
3,3,0.5756250023841858
4,4,0.6222500205039978
5,5,0.6198750138282776
6,6,0.6311249732971191
7,7,0.6673750281333923
8,8,0.7168750166893005
9,9,0.7099999785423279
10,10,0.7378749847412109
