,ts,acc
0,0,0.000750000006519258
1,1,0.5401250123977661
2,2,0.5698750019073486
3,3,0.5787500143051147
4,4,0.6165000200271606
5,5,0.6495000123977661
6,6,0.6330000162124634
7,7,0.6539999842643738
8,8,0.706375002861023
9,9,0.7584999799728394
10,10,0.7483749985694885
