,ts,acc
0,0,0.000750000006519258
1,1,0.48899999260902405
2,2,0.5512499809265137
3,3,0.5721250176429749
4,4,0.581125020980835
5,5,0.6326249837875366
6,6,0.6952499747276306
7,7,0.703374981880188
8,8,0.750124990940094
9,9,0.7258750200271606
10,10,0.7707499861717224
