,ts,acc
0,0,0.000750000006519258
1,1,0.6004999876022339
2,2,0.640625
3,3,0.6740000247955322
4,4,0.7067499756813049
5,5,0.7243750095367432
6,6,0.7456250190734863
7,7,0.7741249799728394
8,8,0.7918750047683716
9,9,0.8034999966621399
10,10,0.8238750100135803
