,ts,acc
0,0,0.000750000006519258
1,1,0.4883750081062317
2,2,0.5509999990463257
3,3,0.5584999918937683
4,4,0.5801249742507935
5,5,0.6430000066757202
6,6,0.6710000038146973
7,7,0.6815000176429749
8,8,0.6996250152587891
9,9,0.7204999923706055
10,10,0.7753750085830688
