,ts,acc
0,0,0.000750000006519258
1,1,0.5667499899864197
2,2,0.5588750243186951
3,3,0.5692499876022339
4,4,0.6208750009536743
5,5,0.6209999918937683
6,6,0.6821249723434448
7,7,0.6940000057220459
8,8,0.7124999761581421
9,9,0.7361249923706055
10,10,0.7607499957084656
