,ts,acc
0,0,0.000750000006519258
1,1,0.5542500019073486
2,2,0.5513749718666077
3,3,0.5742499828338623
4,4,0.6156250238418579
5,5,0.628125011920929
6,6,0.6290000081062317
7,7,0.671999990940094
8,8,0.7167500257492065
9,9,0.7418749928474426
10,10,0.7419999837875366
