,ts,acc
0,0,0.000750000006519258
1,1,0.5396249890327454
2,2,0.5612499713897705
3,3,0.5684999823570251
4,4,0.6171249747276306
5,5,0.6200000047683716
6,6,0.643750011920929
7,7,0.6706249713897705
8,8,0.7017499804496765
9,9,0.7475000023841858
10,10,0.7513750195503235
