,ts,acc
0,0,0.000750000006519258
1,1,0.49037501215934753
2,2,0.5442500114440918
3,3,0.5450000166893005
4,4,0.5773749947547913
5,5,0.6486250162124634
6,6,0.6773750185966492
7,7,0.6822500228881836
8,8,0.7208750247955322
9,9,0.7327499985694885
10,10,0.7488750219345093
