,ts,acc
0,0,0.000750000006519258
1,1,0.4964999854564667
2,2,0.5432500243186951
3,3,0.5709999799728394
4,4,0.5853750109672546
5,5,0.6353750228881836
6,6,0.6603749990463257
7,7,0.6826249957084656
8,8,0.6815000176429749
9,9,0.7212499976158142
10,10,0.7411249876022339
