,ts,acc
0,0,0.000750000006519258
1,1,0.5261250138282776
2,2,0.5582500100135803
3,3,0.5787500143051147
4,4,0.6392499804496765
5,5,0.6488749980926514
6,6,0.6471250057220459
7,7,0.6887500286102295
8,8,0.7260000109672546
9,9,0.765500009059906
10,10,0.8057500123977661
