,ts,acc
0,0,0.000750000006519258
1,1,0.5331249833106995
2,2,0.5686249732971191
3,3,0.575124979019165
4,4,0.621999979019165
5,5,0.6614999771118164
6,6,0.6825000047683716
7,7,0.715624988079071
8,8,0.7361249923706055
9,9,0.7837499976158142
10,10,0.7911249995231628
