,ts,acc
0,0,0.000750000006519258
1,1,0.5567499995231628
2,2,0.5616250038146973
3,3,0.5726249814033508
4,4,0.6172500252723694
5,5,0.6453750133514404
6,6,0.6358749866485596
7,7,0.671875
8,8,0.7206249833106995
9,9,0.7361249923706055
10,10,0.7916250228881836
