,ts,acc
0,0,0.0018749999580904841
1,1,0.5856249928474426
2,2,0.6317499876022339
3,3,0.6611250042915344
4,4,0.7206249833106995
5,5,0.7749999761581421
6,6,0.8108749985694885
7,7,0.8543750047683716
8,8,0.8837500214576721
9,9,0.9104999899864197
10,10,0.9283750057220459
