,ts,acc
0,0,0.002624999964609742
1,1,0.5649999976158142
2,2,0.5891249775886536
3,3,0.6332499980926514
4,4,0.6807500123977661
5,5,0.7391250133514404
6,6,0.7852500081062317
7,7,0.8308749794960022
8,8,0.8679999709129333
9,9,0.909375011920929
10,10,0.9327499866485596
