,ts,acc
0,0,0.002624999964609742
1,1,0.5486249923706055
2,2,0.5950000286102295
3,3,0.6176249980926514
4,4,0.6600000262260437
5,5,0.6830000281333923
6,6,0.703000009059906
7,7,0.7608749866485596
8,8,0.7927500009536743
9,9,0.7996249794960022
10,10,0.8102499842643738
