,ts,acc
0,0,0.002624999964609742
1,1,0.5572500228881836
2,2,0.5978749990463257
3,3,0.6146249771118164
4,4,0.6242499947547913
5,5,0.6395000219345093
6,6,0.6556249856948853
7,7,0.656125009059906
8,8,0.6855000257492065
9,9,0.7007499933242798
10,10,0.7009999752044678
