,ts,acc
0,0,0.0018749999580904841
1,1,0.5644999742507935
2,2,0.5914999842643738
3,3,0.6414999961853027
4,4,0.6498749852180481
5,5,0.687874972820282
6,6,0.7066249847412109
7,7,0.7164999842643738
8,8,0.7360000014305115
9,9,0.737500011920929
10,10,0.7580000162124634
