,ts,acc
0,0,0.0018749999580904841
1,1,0.5487499833106995
2,2,0.625249981880188
3,3,0.6446250081062317
4,4,0.6723750233650208
5,5,0.6916249990463257
6,6,0.7116249799728394
7,7,0.7383750081062317
8,8,0.7603750228881836
9,9,0.7723749876022339
10,10,0.7876250147819519
