,ts,acc
0,0,0.002624999964609742
1,1,0.5801249742507935
2,2,0.6075000166893005
3,3,0.6313750147819519
4,4,0.643750011920929
5,5,0.6639999747276306
6,6,0.690750002861023
7,7,0.7042499780654907
8,8,0.7319999933242798
9,9,0.7577499747276306
10,10,0.7820000052452087
