,ts,acc
0,0,0.002624999964609742
1,1,0.5762500166893005
2,2,0.5903750061988831
3,3,0.6348749995231628
4,4,0.6031249761581421
5,5,0.7072499990463257
6,6,0.7138749957084656
7,7,0.7509999871253967
8,8,0.7727500200271606
9,9,0.7766249775886536
10,10,0.7896249890327454
