,ts,acc
0,0,0.002624999964609742
1,1,0.5608749985694885
2,2,0.5964999794960022
3,3,0.6171249747276306
4,4,0.6355000138282776
5,5,0.6567500233650208
6,6,0.6866250038146973
7,7,0.7118750214576721
8,8,0.7440000176429749
9,9,0.7521250247955322
10,10,0.781624972820282
