,ts,acc
0,0,0.002624999964609742
1,1,0.5370000004768372
2,2,0.5872499942779541
3,3,0.6157500147819519
4,4,0.6387500166893005
5,5,0.6621249914169312
6,6,0.6653749942779541
7,7,0.6933749914169312
8,8,0.7133749723434448
9,9,0.7413750290870667
10,10,0.7506250143051147
