,ts,acc
0,0,0.002624999964609742
1,1,0.5817499756813049
2,2,0.6268749833106995
3,3,0.6449999809265137
4,4,0.6661249995231628
5,5,0.6736249923706055
6,6,0.6949999928474426
7,7,0.7171249985694885
8,8,0.7455000281333923
9,9,0.7446249723434448
10,10,0.7615000009536743
