,ts,acc
0,0,0.002624999964609742
1,1,0.5452499985694885
2,2,0.5883749723434448
3,3,0.6198750138282776
4,4,0.6418750286102295
5,5,0.6816250085830688
6,6,0.7041249871253967
7,7,0.7248749732971191
8,8,0.7453749775886536
9,9,0.7681249976158142
10,10,0.7853749990463257
