,ts,acc
0,0,0.002624999964609742
1,1,0.5496249794960022
2,2,0.5991250276565552
3,3,0.624875009059906
4,4,0.6332499980926514
5,5,0.6642500162124634
6,6,0.6908749938011169
7,7,0.7174999713897705
8,8,0.7484999895095825
9,9,0.7536249756813049
10,10,0.7697499990463257
