,ts,acc
0,0,0.002624999964609742
1,1,0.5737500190734863
2,2,0.6315000057220459
3,3,0.6625000238418579
4,4,0.674875020980835
5,5,0.7052500247955322
6,6,0.71875
7,7,0.7351250052452087
8,8,0.7524999976158142
9,9,0.7580000162124634
10,10,0.778249979019165
