,ts,acc
0,0,0.002624999964609742
1,1,0.5791249871253967
2,2,0.5978749990463257
3,3,0.6158750057220459
4,4,0.668624997138977
5,5,0.7227500081062317
6,6,0.734250009059906
7,7,0.7475000023841858
8,8,0.7631250023841858
9,9,0.7826250195503235
10,10,0.7929999828338623
