,ts,acc
0,0,0.002624999964609742
1,1,0.581125020980835
2,2,0.6085000038146973
3,3,0.6194999814033508
4,4,0.6337500214576721
5,5,0.6528750061988831
6,6,0.6726250052452087
7,7,0.7181249856948853
8,8,0.7429999709129333
9,9,0.7538750171661377
10,10,0.7673749923706055
