,ts,acc
0,0,0.002624999964609742
1,1,0.10000000149011612
2,2,0.10000000149011612
3,3,0.10000000149011612
4,4,0.10000000149011612
5,5,0.10000000149011612
6,6,0.10000000149011612
7,7,0.10000000149011612
8,8,0.10000000149011612
9,9,0.10000000149011612
10,10,0.10000000149011612
