,ts,acc
0,0,0.002624999964609742
1,1,0.5668749809265137
2,2,0.6083750128746033
3,3,0.6193749904632568
4,4,0.6636250019073486
5,5,0.6834999918937683
6,6,0.6908749938011169
7,7,0.7168750166893005
8,8,0.7371249794960022
9,9,0.7536249756813049
10,10,0.7703750133514404
