,ts,acc
0,0,0.002624999964609742
1,1,0.547124981880188
2,2,0.6087499856948853
3,3,0.6481249928474426
4,4,0.6702499985694885
5,5,0.6946250200271606
6,6,0.7247499823570251
7,7,0.7322499752044678
8,8,0.746749997138977
9,9,0.7649999856948853
10,10,0.7908750176429749
