,ts,acc
0,0,0.002624999964609742
1,1,0.6039999723434448
2,2,0.6272500157356262
3,3,0.6496250033378601
4,4,0.6696249842643738
5,5,0.6841250061988831
6,6,0.7011250257492065
7,7,0.7267500162124634
8,8,0.7461249828338623
9,9,0.7563750147819519
10,10,0.7802500128746033
