,ts,acc
0,0,0.002624999964609742
1,1,0.5674999952316284
2,2,0.621999979019165
3,3,0.6449999809265137
4,4,0.6735000014305115
5,5,0.6926249861717224
6,6,0.7139999866485596
7,7,0.734499990940094
8,8,0.7523750066757202
9,9,0.7723749876022339
10,10,0.7831249833106995
