,ts,acc
0,0,0.002624999964609742
1,1,0.5943750143051147
2,2,0.6297500133514404
3,3,0.6518750190734863
4,4,0.6725000143051147
5,5,0.6977499723434448
6,6,0.7092499732971191
7,7,0.7307500243186951
8,8,0.7523750066757202
9,9,0.7802500128746033
10,10,0.796500027179718
