,ts,acc
0,0,0.002624999964609742
1,1,0.5722500085830688
2,2,0.5962499976158142
3,3,0.6228749752044678
4,4,0.6553750038146973
5,5,0.6890000104904175
6,6,0.7067499756813049
7,7,0.7308750152587891
8,8,0.7462499737739563
9,9,0.7684999704360962
10,10,0.7906249761581421
