,ts,acc
0,0,0.001057326328009367
1,1,0.7125706672668457
2,2,0.7371678948402405
3,3,0.781450629234314
4,4,0.8154869675636292
5,5,0.8509650230407715
6,6,0.876167893409729
7,7,0.8990157246589661
8,8,0.9104348421096802
9,9,0.9197008609771729
10,10,0.9302837252616882
