,ts,acc
0,0,0.001057326328009367
1,1,0.6994213461875916
2,2,0.7002384066581726
3,3,0.7100426554679871
4,4,0.7482698559761047
5,5,0.7425698637962341
6,6,0.7754334807395935
7,7,0.7727805972099304
8,8,0.7928217053413391
9,9,0.7994636297225952
10,10,0.8074609041213989
