,ts,acc
0,0,0.001057326328009367
1,1,0.6905686259269714
2,2,0.7406570911407471
3,3,0.7851320505142212
4,4,0.8115556240081787
5,5,0.8347687125205994
6,6,0.8501480221748352
7,7,0.8762735724449158
8,8,0.8984678387641907
9,9,0.9088873267173767
10,10,0.9180283546447754
