,ts,acc
0,0,0.001057326328009367
1,1,0.6835518479347229
2,2,0.6972106099128723
3,3,0.7201930284500122
4,4,0.7362355589866638
5,5,0.7513360977172852
6,6,0.7639278769493103
7,7,0.7848148941993713
8,8,0.7897554636001587
9,9,0.807499349117279
10,10,0.8137760162353516
