,ts,acc
0,0,0.001057326328009367
1,1,0.6675093173980713
2,2,0.69427889585495
3,3,0.7005459666252136
4,4,0.7365719676017761
5,5,0.7584201693534851
6,6,0.7633703947067261
7,7,0.7809796333312988
8,8,0.7903321981430054
9,9,0.7876504063606262
10,10,0.8151024580001831
