,ts,acc
0,0,0.001057326328009367
1,1,0.6794090270996094
2,2,0.706092119216919
3,3,0.7149352431297302
4,4,0.7376773357391357
5,5,0.7425410151481628
6,6,0.7624956965446472
7,7,0.7696951031684875
8,8,0.7839593887329102
9,9,0.7945422530174255
10,10,0.7995693683624268
