,ts,acc
0,0,0.001057326328009367
1,1,0.6898958086967468
2,2,0.6992291212081909
3,3,0.7261044383049011
4,4,0.7365046739578247
5,5,0.7555077075958252
6,6,0.7762409448623657
7,7,0.7729439735412598
8,8,0.7924468517303467
9,9,0.8052981495857239
10,10,0.8155927062034607
