,ts,acc
0,0,0.001057326328009367
1,1,0.6745261549949646
2,2,0.6644430756568909
3,3,0.6930485367774963
4,4,0.7287477254867554
5,5,0.7237302660942078
6,6,0.7482506036758423
7,7,0.7584105730056763
8,8,0.7877658009529114
9,9,0.8010303974151611
10,10,0.815064013004303
