,ts,acc
0,0,0.001057326328009367
1,1,0.7088027000427246
2,2,0.7071878910064697
3,3,0.7329481840133667
4,4,0.7609769701957703
5,5,0.7612460851669312
6,6,0.7756353616714478
7,7,0.7795955538749695
8,8,0.8053846955299377
9,9,0.8076146841049194
10,10,0.8224653005599976
