,ts,acc
0,0,0.001057326328009367
1,1,0.7098023891448975
2,2,0.7088219523429871
3,3,0.7283921241760254
4,4,0.7468568682670593
5,5,0.7603906393051147
6,6,0.764504611492157
7,7,0.7771252393722534
8,8,0.801164984703064
9,9,0.8065958023071289
10,10,0.8208120465278625
