,ts,acc
0,0,0.001057326328009367
1,1,0.6844361424446106
2,2,0.7062267065048218
3,3,0.7158195376396179
4,4,0.7278634309768677
5,5,0.7381098866462708
6,6,0.7568245530128479
7,7,0.7786343097686768
8,8,0.7853339314460754
9,9,0.8020396828651428
10,10,0.8075089454650879
