,ts,acc
0,0,0.001057326328009367
1,1,0.6751124858856201
2,2,0.6993829011917114
3,3,0.7191837430000305
4,4,0.7260371446609497
5,5,0.7544792294502258
6,6,0.7593813538551331
7,7,0.7815083265304565
8,8,0.7939943671226501
9,9,0.7989445924758911
10,10,0.8099215626716614
