,ts,acc
0,0,0.001057326328009367
1,1,0.6765446662902832
2,2,0.7092736959457397
3,3,0.7118209004402161
4,4,0.7247779369354248
5,5,0.7528355717658997
6,6,0.7549213767051697
7,7,0.7689165472984314
8,8,0.7803068161010742
9,9,0.7930523753166199
10,10,0.8138144612312317
