,ts,acc
0,0,0.001057326328009367
1,1,0.7208754420280457
2,2,0.7214906215667725
3,3,0.7371198534965515
4,4,0.7446749210357666
5,5,0.7626206278800964
6,6,0.7602753043174744
7,7,0.7778076529502869
8,8,0.7985889315605164
9,9,0.8157753348350525
10,10,0.8215521574020386
