,ts,acc
0,0,0.001057326328009367
1,1,0.7189338207244873
2,2,0.7538544535636902
3,3,0.7820658087730408
4,4,0.8003767728805542
5,5,0.8127859830856323
6,6,0.8260409832000732
7,7,0.8363643288612366
8,8,0.8477065563201904
9,9,0.858279824256897
10,10,0.8647679686546326
