,ts,acc
0,0,0.001057326328009367
1,1,0.6748337149620056
2,2,0.7026990652084351
3,3,0.7189434170722961
4,4,0.7154927253723145
5,5,0.7563439607620239
6,6,0.7566996216773987
7,7,0.7754431366920471
8,8,0.7863720059394836
9,9,0.7994540333747864
10,10,0.8171786665916443
