,ts,acc
0,0,0.001057326328009367
1,1,0.720202624797821
2,2,0.7267003655433655
3,3,0.7305067181587219
4,4,0.763639509677887
5,5,0.762072741985321
6,6,0.7674074172973633
7,7,0.7790861129760742
8,8,0.8041831851005554
9,9,0.8174862265586853
10,10,0.8243973255157471
