,ts,acc
0,0,0.001057326328009367
1,1,0.6838209629058838
2,2,0.7007381916046143
3,3,0.702968180179596
4,4,0.7288246154785156
5,5,0.746395468711853
6,6,0.768724262714386
7,7,0.771194577217102
8,8,0.7962628602981567
9,9,0.7954362034797668
10,10,0.8089891672134399
