,ts,acc
0,0,0.001057326328009367
1,1,0.7148582935333252
2,2,0.7171267867088318
3,3,0.7357164621353149
4,4,0.7401092052459717
5,5,0.7571513652801514
6,6,0.7711272835731506
7,7,0.7742416262626648
8,8,0.808287501335144
9,9,0.8205044269561768
10,10,0.8252912163734436
