,ts,acc
0,0,0.001057326328009367
1,1,0.7091391682624817
2,2,0.7158195376396179
3,3,0.7233457565307617
4,4,0.7348706126213074
5,5,0.7526432871818542
6,6,0.7566323280334473
7,7,0.7765869498252869
8,8,0.7996559143066406
9,9,0.819408655166626
10,10,0.8225421905517578
