,ts,acc
0,0,0.001057326328009367
1,1,0.6723729968070984
2,2,0.7022665143013
3,3,0.7146276235580444
4,4,0.7315544486045837
5,5,0.7540274262428284
6,6,0.757641613483429
7,7,0.7728766798973083
8,8,0.7864777445793152
9,9,0.788746178150177
10,10,0.8073263168334961
