,ts,acc
0,0,0.001057326328009367
1,1,0.6724691390991211
2,2,0.69931560754776
3,3,0.7076781392097473
4,4,0.7147429585456848
5,5,0.7430601119995117
6,6,0.7565457820892334
7,7,0.7698969841003418
8,8,0.7851224541664124
9,9,0.7898131608963013
10,10,0.8053750395774841
