,ts,acc
0,0,0.001057326328009367
1,1,0.6721519231796265
2,2,0.7077357769012451
3,3,0.7068995237350464
4,4,0.7135991454124451
5,5,0.750384509563446
6,6,0.7648890614509583
7,7,0.7767695784568787
8,8,0.7878426909446716
9,9,0.7921007871627808
10,10,0.8123630285263062
