,ts,acc
0,0,0.001057326328009367
1,1,0.6724787354469299
2,2,0.705611526966095
3,3,0.7030739188194275
4,4,0.7219231724739075
5,5,0.7486158609390259
6,6,0.7721173167228699
7,7,0.7731074094772339
8,8,0.7821907997131348
9,9,0.798906147480011
10,10,0.8179380297660828
