,ts,acc
0,0,0.000699999975040555
1,1,0.8876500129699707
2,2,0.903249979019165
3,3,0.9221000075340271
4,4,0.9404000043869019
5,5,0.9546999931335449
6,6,0.9638000130653381
7,7,0.9691749811172485
8,8,0.9732499718666077
9,9,0.9762499928474426
10,10,0.9782500267028809
