,ts,acc
0,0,0.000699999975040555
1,1,0.8845750093460083
2,2,0.8900250196456909
3,3,0.8912749886512756
4,4,0.8955000042915344
5,5,0.9003499746322632
6,6,0.9045000076293945
7,7,0.9103999733924866
8,8,0.9128000140190125
9,9,0.9153249859809875
10,10,0.9176999926567078
