,ts,acc
0,0,0.000699999975040555
1,1,0.8871250152587891
2,2,0.8970500230789185
3,3,0.9035750031471252
4,4,0.9099249839782715
5,5,0.9164999723434448
6,6,0.9232249855995178
7,7,0.9288750290870667
8,8,0.9351249933242798
9,9,0.9412500262260437
10,10,0.9456250071525574
