,ts,acc
0,0,0.000699999975040555
1,1,0.8867499828338623
2,2,0.8895249962806702
3,3,0.8915500044822693
4,4,0.8973000049591064
5,5,0.9012749791145325
6,6,0.9046249985694885
7,7,0.9097999930381775
8,8,0.9125750064849854
9,9,0.9141499996185303
10,10,0.9172000288963318
