,ts,acc
0,0,0.000699999975040555
1,1,0.8857499957084656
2,2,0.9000499844551086
3,3,0.9180499911308289
4,4,0.9320250153541565
5,5,0.9466249942779541
6,6,0.9586250185966492
7,7,0.965624988079071
8,8,0.9706249833106995
9,9,0.9741500020027161
10,10,0.9766749739646912
