,ts,acc
0,0,0.000699999975040555
1,1,0.8851000070571899
2,2,0.8881000280380249
3,3,0.8909249901771545
4,4,0.8964750170707703
5,5,0.9009249806404114
6,6,0.904449999332428
7,7,0.9081000089645386
8,8,0.9123499989509583
9,9,0.9141250252723694
10,10,0.9168000221252441
