,ts,acc
0,0,0.000699999975040555
1,1,0.8880000114440918
2,2,0.8911499977111816
3,3,0.8914250135421753
4,4,0.8922749757766724
5,5,0.893625020980835
6,6,0.8947499990463257
7,7,0.8963000178337097
8,8,0.8983500003814697
9,9,0.8994749784469604
10,10,0.8992999792098999
