,ts,acc
0,0,0.000699999975040555
1,1,0.8860250115394592
2,2,0.8888499736785889
3,3,0.8907750248908997
4,4,0.8975499868392944
5,5,0.9006749987602234
6,6,0.9041500091552734
7,7,0.90829998254776
8,8,0.9121500253677368
9,9,0.9139500260353088
10,10,0.9169999957084656
