,ts,acc
0,0,0.000699999975040555
1,1,0.8900750279426575
2,2,0.8965250253677368
3,3,0.9027249813079834
4,4,0.9088749885559082
5,5,0.9122499823570251
6,6,0.917074978351593
7,7,0.9226750135421753
8,8,0.9270750284194946
9,9,0.9300500154495239
10,10,0.9343500137329102
