,ts,acc
0,0,0.000699999975040555
1,1,0.8854249715805054
2,2,0.8892999887466431
3,3,0.8916500210762024
4,4,0.8962249755859375
5,5,0.9008499979972839
6,6,0.9050750136375427
7,7,0.9086499810218811
8,8,0.9139000177383423
9,9,0.9149249792098999
10,10,0.9173499941825867
