,ts,acc
0,0,0.000699999975040555
1,1,0.8846250176429749
2,2,0.8888499736785889
3,3,0.8912749886512756
4,4,0.8967249989509583
5,5,0.9010499715805054
6,6,0.9054250121116638
7,7,0.9088249802589417
8,8,0.9127249717712402
9,9,0.9143499732017517
10,10,0.9164000153541565
