,ts,acc
0,0,0.000699999975040555
1,1,0.8891249895095825
2,2,0.8966749906539917
3,3,0.9009749889373779
4,4,0.906374990940094
5,5,0.9114750027656555
6,6,0.9162499904632568
7,7,0.9218249917030334
8,8,0.9258249998092651
9,9,0.9314500093460083
10,10,0.9338250160217285
