,ts,acc
0,0,0.000699999975040555
1,1,0.8848999738693237
2,2,0.8889750242233276
3,3,0.8909749984741211
4,4,0.8971250057220459
5,5,0.9012249708175659
6,6,0.90482497215271
7,7,0.90829998254776
8,8,0.9130749702453613
9,9,0.9135000109672546
10,10,0.9168499708175659
