,ts,acc
0,0,0.000699999975040555
1,1,0.8880500197410583
2,2,0.8931999802589417
3,3,0.8983749747276306
4,4,0.9049000144004822
5,5,0.9118250012397766
6,6,0.9185000061988831
7,7,0.9222999811172485
8,8,0.9279000163078308
9,9,0.9301249980926514
10,10,0.9333000183105469
