,ts,acc
0,0,0.000699999975040555
1,1,0.8901000022888184
2,2,0.8974499702453613
3,3,0.9019500017166138
4,4,0.9077249765396118
5,5,0.9108499884605408
6,6,0.9169750213623047
7,7,0.9218999743461609
8,8,0.9269750118255615
9,9,0.9309250116348267
10,10,0.9348000288009644
