,ts,acc
0,0,0.000699999975040555
1,1,0.8880500197410583
2,2,0.8922749757766724
3,3,0.8977000117301941
4,4,0.9022499918937683
5,5,0.906125009059906
6,6,0.9107499718666077
7,7,0.9152500033378601
8,8,0.9199749827384949
9,9,0.9227499961853027
10,10,0.9255250096321106
