,ts,acc
0,0,0.000699999975040555
1,1,0.8849499821662903
2,2,0.8881499767303467
3,3,0.8910999894142151
4,4,0.8966749906539917
5,5,0.9006999731063843
6,6,0.904699981212616
7,7,0.9082249999046326
8,8,0.9128249883651733
9,9,0.9139999747276306
10,10,0.9169999957084656
