,ts,acc
0,0,0.000699999975040555
1,1,0.8858749866485596
2,2,0.8885250091552734
3,3,0.8913499712944031
4,4,0.8968250155448914
5,5,0.9007999897003174
6,6,0.9043750166893005
7,7,0.9082750082015991
8,8,0.9129250049591064
9,9,0.9142749905586243
10,10,0.9162750244140625
