,ts,acc
0,0,0.000699999975040555
1,1,0.8896499872207642
2,2,0.8949249982833862
3,3,0.9007750153541565
4,4,0.9067500233650208
5,5,0.9108499884605408
6,6,0.9168750047683716
7,7,0.9203000068664551
8,8,0.9259250164031982
9,9,0.930774986743927
10,10,0.9336000084877014
