,ts,acc
0,0,0.000699999975040555
1,1,0.8898249864578247
2,2,0.8981000185012817
3,3,0.9023500084877014
4,4,0.9078500270843506
5,5,0.911424994468689
6,6,0.9166749715805054
7,7,0.9220499992370605
8,8,0.9262499809265137
9,9,0.9309750199317932
10,10,0.9343500137329102
