,ts,acc
0,0,0.000699999975040555
1,1,0.8853750228881836
2,2,0.8886749744415283
3,3,0.8910250067710876
4,4,0.8968499898910522
5,5,0.900950014591217
6,6,0.9039499759674072
7,7,0.908424973487854
8,8,0.9135749936103821
9,9,0.9142749905586243
10,10,0.9165499806404114
