,ts,acc
0,0,0.000699999975040555
1,1,0.8888750076293945
2,2,0.897849977016449
3,3,0.9028249979019165
4,4,0.9068750143051147
5,5,0.9109500050544739
6,6,0.9164999723434448
7,7,0.922249972820282
8,8,0.9265249967575073
9,9,0.9309499859809875
10,10,0.9345750212669373
