,ts,acc
0,0,0.000699999975040555
1,1,0.8849250078201294
2,2,0.8891500234603882
3,3,0.8900499939918518
4,4,0.8965499997138977
5,5,0.9007499814033508
6,6,0.9049749970436096
7,7,0.9087499976158142
8,8,0.9118750095367432
9,9,0.9139999747276306
10,10,0.9163249731063843
