,ts,acc
0,0,0.000699999975040555
1,1,0.8852999806404114
2,2,0.8888499736785889
3,3,0.890874981880188
4,4,0.8965250253677368
5,5,0.901075005531311
6,6,0.905174970626831
7,7,0.9081500172615051
8,8,0.9127500057220459
9,9,0.9139249920845032
10,10,0.9163500070571899
