,ts,acc
0,0,0.000699999975040555
1,1,0.8847249746322632
2,2,0.8888000249862671
3,3,0.8904500007629395
4,4,0.8971250057220459
5,5,0.8999000191688538
6,6,0.9049249887466431
7,7,0.9081500172615051
8,8,0.9127749800682068
9,9,0.9154250025749207
10,10,0.916575014591217
